{"cameraMode":{"drawMode":0,"name":"Shaded","section":"Shading Mode"},"sceneLighting":false,"audioPlay":false,"sceneViewState":{"m_AlwaysRefresh":false,"showFog":true,"showSkybox":false,"showFlares":true,"showImageEffects":true,"showParticleSystems":true,"showVisualEffectGraphs":true,"m_FxEnabled":false},"in2DMode":false,"pivot":{"x":-0.02664363384246826,"y":0.03109455108642578,"z":0.033223509788513187},"rotation":{"x":-0.20404155552387238,"y":0.054886724799871448,"z":-0.01145382970571518,"w":-0.9773712754249573},"size":1.2553988695144654,"orthographic":true}