{"cameraMode":{"drawMode":0,"name":"Shaded","section":"Shading Mode"},"sceneLighting":true,"audioPlay":false,"sceneViewState":{"m_AlwaysRefresh":false,"showFog":true,"showSkybox":true,"showFlares":true,"showImageEffects":true,"showParticleSystems":true,"showVisualEffectGraphs":true,"m_FxEnabled":false},"in2DMode":false,"pivot":{"x":3.9124062061309816,"y":-2.556717872619629,"z":11.900284767150879},"rotation":{"x":-0.33425644040107729,"y":-0.00396074540913105,"z":0.0014105981681495906,"w":-0.9425320625305176},"size":7.367663383483887,"orthographic":false}