{"cameraMode":{"drawMode":0,"name":"Shaded","section":"Shading Mode"},"sceneLighting":false,"audioPlay":false,"sceneViewState":{"m_AlwaysRefresh":false,"showFog":true,"showSkybox":false,"showFlares":true,"showImageEffects":true,"showParticleSystems":true,"showVisualEffectGraphs":true,"m_FxEnabled":false},"in2DMode":false,"pivot":{"x":0.00274580717086792,"y":-0.06477051973342896,"z":-0.03832310438156128},"rotation":{"x":-0.16172750294208527,"y":0.32567286491394045,"z":-0.056644782423973086,"w":-0.929830014705658},"size":1.651009202003479,"orthographic":false}